Workbook

Sheet instructions
B3: Welcome! We’re looking for your expert input in this short survey about what happens to PET plastic from beverage bottles in the Netherlands. There isn’t enough data on this, and we urgently need better information to help create models that support smart policies against plastic pollution. Instead of asking for exact numbers—which can be difficult to estimate—we’ll ask you to provide a lower and upper bound that includes all values you consider plausible or able-to-be-believed. The survey follows the journey of these plastics—from when people use them, all the way to when they break down into microplastics in the environment. A lot happens in between, so if you're knowledgeable about any of the topics listed below, we’d really value your help!
B7: If you are knowledgeable in one or more of these topics, please provide a short explanation of your expertise (1-2 sentences) for each relevant topic, and answer the corresponding questions.
B9: Topics | C9: Explanation | D9: Link to questions
B10: Plastic disposal behavior of consumers | D10: {=HYPERLINK(CELL("address",questions!$E$5), "Questions 1-8")} -> Questions 1-8
B11: Plastic waste collection and treatment | D11: {=HYPERLINK(CELL("address",questions!$E$35), "Questions 9-12")} -> Questions 9-12
B12: Plastic recycling | D12: {=HYPERLINK(CELL("address",questions!$E$50), "Questions 13-14")} -> Questions 13-14
B13: Wastewater treatment | D13: {=HYPERLINK(CELL("address",questions!$E$60), "Questions 15-21")} -> Questions 15-21
B14: Sewage sludge and compost application | D14: {=HYPERLINK(CELL("address",questions!$E$82), "Questions 22-24")} -> Questions 22-24
B15: Cleaning and dispersion of plastic litter | D15: {=HYPERLINK(CELL("address",questions!$E$93), "Questions 25-29")} -> Questions 25-29
B16: Plastic degradation in the environment | D16: {=HYPERLINK(CELL("address",questions!$E$112), "Questions 30-42")} -> Questions 30-42
B17: Biological uptake and dispersion of microplastics | D17: {=HYPERLINK(CELL("address",questions!$E$139), "Questions 43-49")} -> Questions 43-49
B18: Dispersion and degradation of plastic litter | D18: {=HYPERLINK(CELL("address",questions!$E$167), "Questions 50-53")} -> Questions 50-53
B22: How to answer the questions?
B26: Rules for all questions: 1. The largest value must be greater than or equal to the lowest value. 2. The best guess must be in between the lowest value and the largest value. Rules for questions with more than one row: 3. The sum of lowest plausible values must be less than or equal to 1. 4. The sum of largest plausible values must be larger than or equal to 1. | C26: Realistically, what do you think is the lowest plausible value? | D26: Realistically, what do you think is the largest plausible value? | E26: Valid and complete response
B27: Lost socks
B28: Questions 1 | E28: =E29 -> TRUE
B29: What percentage of socks were lost at home during laundry in 2024? | C29: 0.05 | D29: 0.1 | E29: =AND(C29>=0, C29<=D29, D29<=1) -> TRUE
B30: Question 2 | E30: =AND(E31,E32,E33,SUM(C31:C33)<=1,SUM(D31:D33)>=1) -> TRUE
B31: Of socks lost during laundry at home in 2024, what percentage ended up in the wrong person's closet? | C31: 0.5 | D31: 0.8 | E31: =AND(C31>=0, C31<=D31, D31<=1) -> TRUE
B32: What percentage ended up in waste? | C32: 0.3 | D32: 0.5 | E32: =AND(C32>=0, C32<=D32, D32<=1) -> TRUE
B33: What percentage ended up somewhere else? | C33: 0 | D33: 0.05 | E33: =AND(C33>=0, C33<=D33, D33<=1) -> TRUE
B37: How to visualize the questions?
B54: Glossary
B56: Terms | C56: Definitions
B57: Agricultural soil | C57: Soil actively used for farming, including crop cultivation and livestock grazing.
B58: Bare soil | C58: Exposed soil with minimal or no vegetation cover
B59: Beach | C59: Sandy or pebbly zone between land and a water body
B60: Biodegradation | C60: Degradation of plastics by microrganisms
B61: Dumping | C61: Discarding outside of a waste bin and away from the point of use to avoid the constraint of appropriate disposal which can be costly or time-consuming.
B62: Forest soil | C62: Soil found under forested areas
B63: Freshwater sediment | C63: Deposited particles at the bottom of rivers, lakes, or streams in freshwater systems.
B64: Grassland | C64: Soil in open areas dominated by grasses with minimal tree cover
B65: Inland water | C65: Bodies of water such as lakes, rivers, and streams located away from the coast.
B66: Microplastics | C66: Small plastic particulates below 5 mm in size and above 1 µm.
B67: Ocean | C67: Large saline body of water covering much of the Earth's surface
... B80: Wetland | C80: Water-saturated land with hydric soils and aquatic vegetation

Sheet questions
A1: {=HYPERLINK(CELL("address",instructions!A29), "Link to instructions")} -> Link to instructions
A2: Rules for all questions: 1. The largest value must be greater than or equal to the lowest value. 2. The best guess must be in between the lowest value and the largest value. Rules for questions with more than one row: 3. The sum of lowest plausible values must be less than or equal to 1. 4. The sum of largest plausible values must be larger than or equal to 1. | B2: Type | C2: From | D2: To | E2: Realistically, what do you think is the lowest plausible value? | F2: Realistically, what do you think is the largest plausible value? | G2: Is the sum of lower values less than or equal to 1? | H2: Is the sum of upper values greater than or equal to 1? | I2: Is everything filled out? | J2: Valid and complete response | K2: Space for comments
A3: Plastic disposal behavior of consumers
A4: Questions 1 | G4: =SUM(E5,E237)<=1.001 -> TRUE | H4: =SUM(F5,F237)>=0.999 -> TRUE | I4: =IF(COUNTBLANK(E5:F5)=0, TRUE, FALSE) -> TRUE | J4: =AND(G4,H4,I4) -> TRUE
A5: What percentage of consumer PET bottles was used on-the-go (used on the move in public spaces), rather than at home (used in homes, cafes, and restaurants) in the Netherlands in 2024? | B5: MFA | C5: Consumer bottles | D5: Consumer bottles on-the-go | E5: 0.34984463 | F5: 0.34984463 | G5: =G4 -> TRUE | H5: =H4 -> TRUE | I5: =I4 -> TRUE | J5: =J4 -> TRUE
A6: Question 2 | G6: =SUM(E7,E238)<=1.001 -> TRUE | H6: =SUM(F7,F238)>=0.999 -> TRUE | I6: =IF(COUNTBLANK(E7:F7)=0, TRUE, FALSE) -> TRUE | J6: =AND(G6,H6,I6) -> TRUE
A7: What percentage of on-the-go consumer PET bottles (used on the move in public spaces) was returned through the deposit-refund scheme in the Netherlands in 2024? | B7: MFA | C7: Consumer bottles on-the-go | D7: Deposit refund scheme | E7: 0.68 | F7: 0.68 | G7: =G6 -> TRUE | H7: =H6 -> TRUE | I7: =I6 -> TRUE | J7: =J6 -> TRUE
A8: Question 3 | G8: =SUM(E9,E239)<=1.001 -> TRUE | H8: =SUM(F9,F239)>=0.999 -> TRUE | I8: =IF(COUNTBLANK(E9:F9)=0, TRUE, FALSE) -> TRUE | J8: =AND(G8,H8,I8) -> TRUE
A9: What percentage of at-home consumer PET bottles (used in homes, cafes, and restaurants) was returned through the deposit-refund scheme in the Netherlands in 2024? | B9: MFA | C9: Consumer bottles at home | D9: Deposit refund scheme | E9: 0.68 | F9: 0.68 | G9: =G8 -> TRUE | H9: =H8 -> TRUE | I9: =I8 -> TRUE | J9: =J8 -> TRUE
A10: Question 4 | G10: =SUM(E11:E16)<=1.001 -> TRUE | H10: =SUM(F11:F16)>=0.999 -> TRUE | I10: =IF(COUNTBLANK(E11:F16)=0, TRUE, FALSE) -> TRUE | J10: =AND(G10,H10,I10) -> TRUE
A11: What percentage of on-the-go consumer PET bottles (used on the move in public spaces) that were not returned through the deposit-refund scheme, was collected as mixed waste in the Netherlands in 2024? | B11: MFA | C11: Consumer bottles on-the-go non-deposit | D11: Mixed waste collection | E11: 0.40280714 | F11: 0.40280714 | G11: =G10 -> TRUE | H11: =H10 -> TRUE | I11: =I10 -> TRUE | J11: =J10 -> TRUE
A12: What percentage was littered (uncollected) in residential areas? | B12: MFA | C12: Consumer bottles on-the-go non-deposit | D12: Litter (residential) | E12: 0.43013054 | F12: 0.43013054 | G12: =G11 -> TRUE | H12: =H11 -> TRUE | I12: =I11 -> TRUE | J12: =J11 -> TRUE
A13: What percentage was littered (uncollected) on roadsides or along roadsides, including e.g. gas stations and restaurants along roads? | B13: MFA | C13: Consumer bottles on-the-go non-deposit | D13: Litter (roads) | E13: 0.15129067 | F13: 0.15129067 | G13: =G12 -> TRUE | H13: =H12 -> TRUE | I13: =I12 -> TRUE | J13: =J12 -> TRUE
A14: What percentage was littered (uncollected) in nature? | B14: MFA | C14: Consumer bottles on-the-go non-deposit | D14: Litter (nature) | E14: 0.015749653 | F14: 0.015749653 | G14: =G13 -> TRUE | H14: =H13 -> TRUE | I14: =I13 -> TRUE | J14: =J13 -> TRUE
A15: What percentage was released as microplastics to outdoor air during use, e.g. due to wear and tear or when opening a bottle? | B15: MFA | C15: Consumer bottles on-the-go non-deposit | D15: Outdoor air (MP) | E15: 1.1e-05 | F15: 1.1e-05 | G15: =G14 -> TRUE | H15: =H14 -> TRUE | I15: =I14 -> TRUE | J15: =J14 -> TRUE
A16: What percentage was ingested as microplastics by humans? | B16: MFA | C16: Consumer bottles on-the-go non-deposit | D16: Human (intestines) | E16: 1.1e-05 | F16: 1.1e-05 | G16: =G15 -> TRUE | H16: =H15 -> TRUE | I16: =I15 -> TRUE | J16: =J15 -> TRUE
A17: Question 5 | G17: =SUM(E18:E24)<=1.001 -> TRUE | H17: =SUM(F18:F24)>=0.999 -> TRUE | I17: =IF(COUNTBLANK(E18:F24)=0, TRUE, FALSE) -> TRUE | J17: =AND(G17,H17,I17) -> TRUE
A18: What percentage of at-home consumer PET bottles (used in homes, cafes, and restaurants) that were not returned through the deposit-refund scheme, was disposed in mixed waste streams in the Netherlands in 2024? | B18: MFA | C18: Consumer bottles at home non-deposit | D18: Mixed waste collection | E18: 0.17730104 | F18: 0.17730104 | G18: =G17 -> TRUE | H18: =G17 -> TRUE | I18: =H17 -> TRUE | J18: =J17 -> TRUE
A19: What percentage was disposed in packaging-specific waste streams such as PMD? | B19: MFA | C19: Consumer bottles at home non-deposit | D19: Packaging collection | E19: 0.80240305 | F19: 0.80240305 | G19: =G18 -> TRUE | H19: =G18 -> TRUE | I19: =H18 -> TRUE | J19: =J18 -> TRUE
A20: What percentage was dumped, i.e. discarded outside of a waste bin and away from the point of use to avoid the constraint of appropriate disposal which can be costly or time-consuming? | B20: MFA | C20: Consumer bottles at home non-deposit | D20: Dumping | E20: 0.00041046992 | F20: 0.00041046992 | G20: =G19 -> TRUE | H20: =G19 -> TRUE | I20: =H19 -> TRUE | J20: =J19 -> TRUE
A21: What percentage ended up in large, central composting facilities? | B21: MFA | C21: Consumer bottles at home non-deposit | D21: Compost collection (large) | E21: 0.019828366 | F21: 0.019828366 | G21: =G20 -> TRUE | H21: =G20 -> TRUE | I21: =H20 -> TRUE | J21: =J20 -> TRUE
A22: What percentage was disposed of in small, private compost systems? | B22: MFA | C22: Consumer bottles at home non-deposit | D22: Compost collection (small) | E22: 3.5078315e-05 | F22: 3.5078315e-05 | G22: =G21 -> TRUE | H22: =G21 -> TRUE | I22: =H21 -> TRUE | J22: =J21 -> TRUE
A23: What percentage was released as microplastics to indoor air during use? | B23: MFA | C23: Consumer bottles at home non-deposit | D23: Indoor air (MP) | E23: 1.1e-05 | F23: 1.1e-05 | G23: =G22 -> TRUE | H23: =G22 -> TRUE | I23: =H22 -> TRUE | J23: =J22 -> TRUE
A24: What percentage was ingested as microplastics by humans? | B24: MFA | C24: Consumer bottles at home non-deposit | D24: Human (intestines) | E24: 1.1e-05 | F24: 1.1e-05 | G24: =G23 -> TRUE | H24: =G23 -> TRUE | I24: =H23 -> TRUE | J24: =J23 -> TRUE
A25: Question 6 | G25: =SUM(E26:E28)<=1.001 -> TRUE | H25: =SUM(F26:F28)>=0.999 -> TRUE | I25: =IF(COUNTBLANK(E26:F28)=0, TRUE, FALSE) -> TRUE | J25: =AND(G25,H25,I25) -> TRUE
A26: What percentage of at-home consumer PET bottles (used in homes, cafes, and restaurants) that were dumped, was dumped in residential areas in the Netherlands in 2024? | B26: MFA | C26: Dumping | D26: Litter (residential) | E26: 0.16093217 | F26: 0.16093217 | G26: =G25 -> TRUE | H26: =H25 -> TRUE | I26: =I25 -> TRUE | J26: =J25 -> TRUE
A27: What percentage was dumped on or near roads? | B27: MFA | C27: Dumping | D27: Litter (roads) | E27: 0.50714162 | F27: 0.50714162 | G27: =G26 -> TRUE | H27: =H26 -> TRUE | I27: =I26 -> TRUE | J27: =J26 -> TRUE
A28: What percentage was dumped in nature? | B28: MFA | C28: Dumping | D28: Litter (nature) | E28: 0.33192621 | F28: 0.33192621 | G28: =G27 -> TRUE | H28: =H27 -> TRUE | I28: =I27 -> TRUE | J28: =J27 -> TRUE
A29: Question 7 | G29: =SUM(E30,E246)<=1.001 -> TRUE | H29: =SUM(F30,F246)>=0.999 -> TRUE | I29: =IF(COUNTBLANK(E30:F30)=0, TRUE, FALSE) -> TRUE | J29: =AND(G29,H29,I29) -> TRUE
A30: What percentage of microplastics on floors in buildings were disposed to wastewater (e.g. through mopping) rather than to mixed waste (e.g. through vacuuming), in the Netherlands in 2024? | B30: MFA | C30: Floors (MP) | D30: Waste water (MP) | E30: 0.15101244 | F30: 0.15101244 | G30: =G29 -> TRUE | H30: =H29 -> TRUE | I30: =I29 -> TRUE | J30: =J29 -> TRUE
A31: Question 8 | G31: =SUM(E32,E236)<=1.001 -> TRUE | H31: =SUM(F32,F236)>=0.999 -> TRUE | I31: =IF(COUNTBLANK(E32:F32)=0, TRUE, FALSE) -> TRUE | J31: =AND(G31,H31,I31) -> TRUE
A32: What percentage of wastewater from cleaning floors (e.g. from mobbing) was treated by the wastewater treatment system (i.e. disposed down the drain), rather than disposed directly to subsurface soil (e.g. thrown outside), in the Netherlands in 2024? | B32: MFA | C32: Waste water (MP) | D32: WWT (MP) | E32: 0.89032993 | F32: 0.89032993 | G32: =G31 -> TRUE | H32: =H31 -> TRUE | I32: =I31 -> TRUE | J32: =J31 -> TRUE
A33: Plastic waste collection and treatment
A34: Question 9 | G34: =SUM(E35,E240)<=1.001 -> TRUE | H34: =SUM(F35,F240)>=0.999 -> TRUE | I34: =IF(COUNTBLANK(E35:F35)=0, TRUE, FALSE) -> TRUE | J34: =AND(G34,H34,I34) -> TRUE
A35: What percentage of consumer PET bottles disposed in packaging-specific waste streams such as PMD, was collected in the Netherlands in 2024? | B35: MFA | C35: Packaging collection | D35: Packaging collected | E35: 1 | F35: 1 | G35: =G34 -> TRUE | H35: =H34 -> TRUE | I35: =I34 -> TRUE | J35: =J34 -> TRUE
A36: Question 10 | G36: =SUM(E37:E40)<=1.001 -> TRUE | H36: =SUM(F37:F40)>=0.999 -> TRUE | I36: =IF(COUNTBLANK(E37:F40)=0, TRUE, FALSE) -> TRUE | J36: =AND(G36,H36,I36) -> TRUE
A37: What percentage of consumer PET bottles collected from packaging-specific waste streams such as PMD, was brought to a plastic recycling facility in the Netherlands in 2024? | B37: MFA | C37: Packaging collected | D37: Packaging recycling | E37: 0.33532722 | F37: 0.33532722 | G37: =G36 -> TRUE | H37: =H36 -> TRUE | I37: =I36 -> TRUE | J37: =J36 -> TRUE
A38: What percentage was incinerated? | B38: MFA | C38: Packaging collected | D38: Incineration | E38: 0.64543336 | F38: 0.64543336 | G38: =G37 -> TRUE | H38: =H37 -> TRUE | I38: =I37 -> TRUE | J38: =J37 -> TRUE
A39: What percentage was brought to a sanitary landfill, which has a landfill gas collection system? | B39: MFA | C39: Packaging collected | D39: Sanitary landfill | E39: 0.019239416 | F39: 0.019239416 | G39: =G38 -> TRUE | H39: =H38 -> TRUE | I39: =I38 -> TRUE | J39: =J38 -> TRUE
A40: What percentage was lost to residential soil in the process of waste collection and transport? | B40: MFA | C40: Packaging collected | D40: Residential soil | E40: 0.0001 | F40: 0.0001 | G40: =G39 -> TRUE | H40: =H39 -> TRUE | I40: =I39 -> TRUE | J40: =J39 -> TRUE
A41: Question 11 | G41: =SUM(E42,E241)<=1.001 -> TRUE | H41: =SUM(F42,F241)>=0.999 -> TRUE | I41: =IF(COUNTBLANK(E42:F42)=0, TRUE, FALSE) -> TRUE | J41: =AND(G41,H41,I41) -> TRUE
A42: What percentage of consumer PET bottles disposed in mixed waste streams was collected in the Netherlands in 2024? | B42: MFA | C42: Mixed waste collection | D42: Mixed waste collected | E42: 1 | F42: 1 | G42: =G41 -> TRUE | H42: =H41 -> TRUE | I42: =I41 -> TRUE | J42: =J41 -> TRUE
A43: Question 12 | G43: =SUM(E44:E47)<=1.001 -> TRUE | H43: =SUM(F44:F47)>=0.999 -> TRUE | I43: =IF(COUNTBLANK(E44:F47)=0, TRUE, FALSE) -> TRUE | J43: =AND(G43,H43,I43) -> TRUE
A44: What percentage of consumer PET bottles collected from mixed waste streams, was brought to a plastic recycling facility in the Netherlands in 2024? | B44: MFA | C44: Mixed waste collected | D44: Packaging recycling | E44: 0.33532722 | F44: 0.33532722 | G44: =G43 -> TRUE | H44: =H43 -> TRUE | I44: =I43 -> TRUE | J44: =J43 -> TRUE
A45: What percentage was incinerated? | B45: MFA | C45: Mixed waste collected | D45: Incineration | E45: 0.64543336 | F45: 0.64543336 | G45: =G44 -> TRUE | H45: =H44 -> TRUE | I45: =I44 -> TRUE | J45: =J44 -> TRUE
A46: What percentage was brought to a sanitary landfill, which has a landfill gas collection system? | B46: MFA | C46: Mixed waste collected | D46: Sanitary landfill | E46: 0.019239416 | F46: 0.019239416 | G46: =G45 -> TRUE | H46: =H45 -> TRUE | I46: =I45 -> TRUE | J46: =J45 -> TRUE
A47: What percentage was lost to residential soil in the process of waste collection and transport? | B47: MFA | C47: Mixed waste collected | D47: Residential soil | E47: 0.0001 | F47: 0.0001 | G47: =G46 -> TRUE | H47: =H46 -> TRUE | I47: =I46 -> TRUE | J47: =J46 -> TRUE
A48: Plastic recycling
A49: Question 13 | G49: =SUM(E50:E53)<=1.001 -> TRUE | H49: =SUM(F50:F53)>=0.999 -> TRUE | I49: =IF(COUNTBLANK(E50:F53)=0, TRUE, FALSE) -> TRUE | J49: =AND(G49,H49,I49) -> TRUE
A50: What percentage of consumer PET bottles collected for recycling was succesfully converted to secondary plastics in the Netherlands in 2024? | B50: MFA | C50: Packaging recycling | D50: Second. material | E50: 0.09 | F50: 0.09 | G50: =G49 -> TRUE | H50: =H49 -> TRUE | I50: =I49 -> TRUE | J50: =J49 -> TRUE
A51: What percentage was incinerated? | B51: MFA | C51: Packaging recycling | D51: Incineration | E51: 0.0006279 | F51: 0.0006279 | G51: =G50 -> TRUE | H51: =H50 -> TRUE | I51: =I50 -> TRUE | J51: =J50 -> TRUE
A52: What percentage was released to indoor air in the form microplastics during shredding or other recycling processes? | B52: MFA | C52: Packaging recycling | D52: Indoor air (MP) | E52: 0.0056511 | F52: 0.0056511 | G52: =G51 -> TRUE | H52: =H51 -> TRUE | I52: =I51 -> TRUE | J52: =J51 -> TRUE
A53: What percentage was released to industry water in the form of microplastics during washing or other recycling processes? | B53: MFA | C53: Packaging recycling | D53: Industry water (MP) | E53: 0.903721 | F53: 0.903721 | G53: =G52 -> TRUE | H53: =H52 -> TRUE | I53: =I52 -> TRUE | J53: =J52 -> TRUE
A54: Question 14 | G54: =SUM(E55:E57)<=1.001 -> TRUE | H54: =SUM(F55:F57)>=0.999 -> TRUE | I54: =IF(COUNTBLANK(E55:F57)=0, TRUE, FALSE) -> TRUE | J54: =AND(G54,H54,I54) -> TRUE
A55: What percentage of microplastic-containing wastewater generated by industries recycling consumer PET bottles, was sent to wastewater treatment in the Netherlands in 2024? | B55: MFA | C55: Industry water (MP) | D55: WWT (MP) | E55: 0.57110142 | F55: 0.57110142 | G55: =G54 -> TRUE | H55: =H54 -> TRUE | I55: =I54 -> TRUE | J55: =J54 -> TRUE
A56: What percentage was discharged into surface water, such as rivers and lakes? | B56: MFA | C56: Industry water (MP) | D56: Surface water (MP) | E56: 0.11014177 | F56: 0.11014177 | J56: =J55 -> TRUE
A57: What percentage was discharged in residential soil? | B57: MFA | C57: Industry water (MP) | D57: Residential soil (MP) | E57: 0.31875682 | F57: 0.31875682 | G57: =G55 -> TRUE | H57: =H55 -> TRUE | I57: =I55 -> TRUE | J57: =J56 -> TRUE
A58: Wastewater treatment
A59: Question 15 | G59: =SUM(E60:E62)<=1.001 -> TRUE | H59: =SUM(F60:F62)>=0.999 -> TRUE | I59: =IF(COUNTBLANK(E60:F62)=0, TRUE, FALSE) -> TRUE | J59: =AND(G59,H59,I59) -> TRUE
A60: What percentage of wastewater was not treated but directly discharged to surface water, in the Netherlands in 2024? | B60: MFA | C60: WWT | D60: No WWT | E60: 0.005 | F60: 0.005 | G60: =G59 -> TRUE | H60: =H59 -> TRUE | I60: =I59 -> TRUE | J60: =J59 -> TRUE
A61: What percentage of wastewater was subjected to primary and secondary wastewater treatment, which involves the removal of solid matter and dissolved and suspended biological matter? | B61: MFA | C61: WWT | D61: Secondary WWT | E61: 0.005 | F61: 0.005 | G61: =G60 -> TRUE | H61: =H60 -> TRUE | I61: =I60 -> TRUE | J61: =J60 -> TRUE
A62: What percentage of wastewater was subjected to primary, secondary, and tertiary wastewater treatment, which involves the removal of solid matter, dissolved and suspended biological matter, and phosphates and/or nitrates? | B62: MFA | C62: WWT | D62: Tertiary WWT | E62: 0.99 | F62: 0.99 | G62: =G61 -> TRUE | H62: =H61 -> TRUE | I62: =I61 -> TRUE | J62: =J61 -> TRUE
A63: Question 17 | G63: =SUM(E64:E66)<=1.001 -> TRUE | H63: =SUM(F64:F66)>=0.999 -> TRUE | I63: =IF(COUNTBLANK(E64:F66)=0, TRUE, FALSE) -> TRUE | J63: =AND(G63,H63,I63) -> TRUE
A64: What percentage of (macro) PET plastics in wastewater subjected to primary and secondary wastewater treatment ended up in sewage sludge in the Netherlands in 2024? | B64: MFA | C64: Secondary WWT | D64: Sludge | E64: 0.379 | F64: 0.379 | G64: =G63 -> TRUE | H64: =H63 -> TRUE | I64: =I63 -> TRUE | J64: =J63 -> TRUE
A65: What percentage ended up in surface water? | B65: MFA | C65: Secondary WWT | D65: Surface water | E65: 0.0153 | F65: 0.0153 | G65: =G64 -> TRUE | H65: =H64 -> TRUE | I65: =I64 -> TRUE | J65: =J64 -> TRUE
A66: What percentage ended up incinerated? | B66: MFA | C66: Secondary WWT | D66: Incineration | E66: 0.6057 | F66: 0.6057 | G66: =G65 -> TRUE | H66: =H65 -> TRUE | I66: =I65 -> TRUE | J66: =J65 -> TRUE
A67: Question 18 | G67: =SUM(E68:E70)<=1.001 -> TRUE | H67: =SUM(F68:F70)>=0.999 -> TRUE | I67: =IF(COUNTBLANK(E68:F70)=0, TRUE, FALSE) -> TRUE | J67: =AND(G67,H67,I67) -> TRUE
A68: What percentage of (macro) PET plastics in wastewater subjected to primary, secondary, and tertiary wastewater treatment ended up in sewage sludge in the Netherlands in 2024? | B68: MFA | C68: Tertiary WWT | D68: Sludge | E68: 0.379 | F68: 0.379 | G68: =G67 -> TRUE | H68: =H67 -> TRUE | I68: =I67 -> TRUE | J68: =J67 -> TRUE
A69: What percentage ended up in surface water? | B69: MFA | C69: Tertiary WWT | D69: Surface water | E69: 0.0153 | F69: 0.0153 | G69: =G68 -> TRUE | H69: =H68 -> TRUE | I69: =I68 -> TRUE | J69: =J68 -> TRUE
A70: What percentage ended up incinerated? | B70: MFA | C70: Tertiary WWT | D70: Incineration | E70: 0.6057 | F70: 0.6057 | G70: =G69 -> TRUE | H70: =H69 -> TRUE | I70: =I69 -> TRUE | J70: =J69 -> TRUE
A71: Question 20 | G71: =SUM(E72:E74)<=1.001 -> TRUE | H71: =SUM(F72:F74)>=0.999 -> TRUE | I71: =IF(COUNTBLANK(E72:F74)=0, TRUE, FALSE) -> TRUE | J71: =AND(G71,H71,I71) -> TRUE
A72: What percentage of PET microplastics in wastewater subjected to primary and secondary wastewater treatment ended up in sewage sludge in the Netherlands in 2024? | B72: MFA | C72: Secondary WWT (MP) | D72: Sludge (MP) | E72: 0.94262043 | F72: 0.94262043 | G72: =G71 -> TRUE | H72: =H71 -> TRUE | I72: =I71 -> TRUE | J72: =J71 -> TRUE
A73: What percentage ended up in surface water? | B73: MFA | C73: Secondary WWT (MP) | D73: Surface water (MP) | E73: 0.055683615 | F73: 0.055683615 | G73: =G72 -> TRUE | H73: =H72 -> TRUE | I73: =I72 -> TRUE | J73: =J72 -> TRUE
A74: What percentage ended up in subsurface soil? | B74: MFA | C74: Secondary WWT (MP) | D74: Subsurface (MP) | E74: 0.0017 | F74: 0.0017 | G74: =G73 -> TRUE | H74: =H73 -> TRUE | I74: =I73 -> TRUE | J74: =J73 -> TRUE
A75: Question 21 | G75: =SUM(E76:E79)<=1.001 -> TRUE | H75: =SUM(F76:F79)>=0.999 -> TRUE | I75: =IF(COUNTBLANK(E76:F79)=0, TRUE, FALSE) -> TRUE | J75: =AND(G75,H75,I75) -> TRUE
A76: What percentage of PET microplastics in wastewater subjected to primary, secondary, and tertiary wastewater treatment ended up in sewage sludge in the Netherlands in 2024? | B76: MFA | C76: Tertiary WWT (MP) | D76: Sludge (MP) | E76: 0.94262043 | F76: 0.94262043 | G76: =G75 -> TRUE | H76: =H75 -> TRUE | I76: =I75 -> TRUE | J76: =J75 -> TRUE
A77: What percentage ended up in surface water? | B77: MFA | C77: Tertiary WWT (MP) | D77: Surface water (MP) | E77: 0.039176245 | F77: 0.039176245 | G77: =G76 -> TRUE | H77: =H76 -> TRUE | I77: =I76 -> TRUE | J77: =J76 -> TRUE
A78: What percentage was incinerated? | B78: MFA | C78: Tertiary WWT (MP) | D78: Incineration | E78: 0.016513662 | F78: 0.016513662 | J78: =J77 -> TRUE
A79: What percentage ended up in subsurface soil? | B79: MFA | C79: Tertiary WWT (MP) | D79: Subsurface (MP) | E79: 0.0017 | F79: 0.0017 | G79: =G77 -> TRUE | H79: =H77 -> TRUE | I79: =I77 -> TRUE | J79: =J77 -> TRUE
A80: Sewage sludge and compost application
A81: Question 22 | G81: =SUM(E82:E84)<=1.001 -> TRUE | H81: =SUM(F82:F84)>=0.999 -> TRUE | I81: =IF(COUNTBLANK(E82:F84)=0, TRUE, FALSE) -> TRUE | J81: =AND(G81,H81,I81) -> TRUE
A82: What percentage of PET (macro)plastics and microplastics in sewage sludge ended up in a sanitary landfill, which has a landfill gas collection system, in the Netherlands in 2024? | B82: MFA | C82: Sludge collection (MP) | D82: Sanitary landfill (MP) | E82: 0.105 | F82: 0.105 | G82: =G81 -> TRUE | H82: =H81 -> TRUE | I82: =I81 -> TRUE | J82: =J81 -> TRUE
A83: What percentage was incinerated? | B83: MFA | C83: Sludge collection (MP) | D83: Incineration (MP) | E83: 0.873 | F83: 0.873 | G83: =G82 -> TRUE | H83: =H82 -> TRUE | I83: =I82 -> TRUE | J83: =J82 -> TRUE
A84: What percentage was eliminated through degradation or mineralization? | B84: MFA | C84: Sludge collection (MP) | D84: Elimination (MP) | E84: 0.022 | F84: 0.022 | J84: =J83 -> TRUE
A85: Question 23 | G85: =SUM(E86,E242)<=1.001 -> TRUE | H85: =SUM(F86,F242)>=0.999 -> TRUE | I85: =IF(COUNTBLANK(E86:F86)=0, TRUE, FALSE) -> TRUE | J85: =AND(G85,H85,I85) -> TRUE
A86: What percentage of PET microplastics in sewage sludge used as compost was applied to agricultural soil, rather than residential soil, in the Netherlands in 2024? | B86: MFA | C86: Compost | D86: Agricultural soil | E86: 0.97001987 | F86: 0.97001987 | G86: =G85 -> TRUE | H86: =H85 -> TRUE | I86: =I85 -> TRUE | J86: =J85 -> TRUE
A87: Question 24 | G87: =SUM(E88:E90)<=1.001 -> TRUE | H87: =SUM(F88:F90)>=0.999 -> TRUE | I87: =IF(COUNTBLANK(E88:F90)=0, TRUE, FALSE) -> TRUE | J87: =AND(G87,H87,I87) -> TRUE
A88: What percentage of consumer PET bottles that were lost in compost, ended up in agricultural soil in the Netherlands in 2024? | B88: MFA | C88: Compost collection (large) | D88: Agricultural soil | E88: 0.0097 | F88: 0.0097 | G88: =G87 -> TRUE | H88: =H87 -> TRUE | I88: =I87 -> TRUE | J88: =J87 -> TRUE
A89: What percentage ended up in residential soil? | B89: MFA | C89: Compost collection (large) | D89: Residential soil | E89: 0.0003 | F89: 0.0003 | G89: =G88 -> TRUE | H89: =H88 -> TRUE | I89: =I88 -> TRUE | J89: =J88 -> TRUE
A90: What percentage was disposed in mixed waste streams? | B90: MFA | C90: Compost collection (large) | D90: Mixed waste collection | E90: 0.99 | F90: 0.99 | G90: =G89 -> TRUE | H90: =H89 -> TRUE | I90: =I89 -> TRUE | J90: =J89 -> TRUE
A91: Cleaning and dispersion of plastic litter
A92: Question 25 | G92: =SUM(E93:E96)<=1.001 -> TRUE | H92: =SUM(F93:F96)>=0.999 -> TRUE | I92: =IF(COUNTBLANK(E93:F96)=0, TRUE, FALSE) -> TRUE | J92: =AND(G92,H92,I92) -> TRUE
A93: What percentage of consumer PET bottles littered in residential areas was cleaned up and disposed of with mixed waste in the Netherlands in 2024? | B93: MFA | C93: Litter (residential) | D93: Mixed waste collection | E93: 0.97709044 | F93: 0.97709044 | G93: =G92 -> TRUE | H93: =H92 -> TRUE | I93: =I92 -> TRUE | J93: =J92 -> TRUE
A94: What percentage ended up in stormwater, i.e. rainwater runoff? | B94: MFA | C94: Litter (residential) | D94: Storm water | E94: 0.010161034 | F94: 0.010161034 | G94: =G93 -> TRUE | H94: =H93 -> TRUE | I94: =I93 -> TRUE | J94: =J93 -> TRUE
A95: What percentage ended up in surface water, such as rivers and lakes? | B95: MFA | C95: Litter (residential) | D95: Surface water | E95: 0.0010174627 | F95: 0.0010174627 | G95: =G94 -> TRUE | H95: =H94 -> TRUE | I95: =I94 -> TRUE | J95: =J94 -> TRUE
A96: What percentage ended up in residential soil? | B96: MFA | C96: Litter (residential) | D96: Residential soil | E96: 0.011731066 | F96: 0.011731066 | G96: =G95 -> TRUE | H96: =H95 -> TRUE | I96: =I95 -> TRUE | J96: =J95 -> TRUE
A97: Question 26 | G97: =SUM(E98,E243)<=1.001 -> TRUE | H97: =SUM(F98,F243)>=0.999 -> TRUE | I97: =IF(COUNTBLANK(E98:F98)=0, TRUE, FALSE) -> TRUE | J97: =AND(G97,H97,I97) -> TRUE
A98: What percentage of consumer PET bottles littered on roads were cleaned up and disposed of with mixed waste, rather than left on the road, in the Netherlands in 2024? | B98: MFA | C98: Litter (roads) | D98: Mixed waste collection | E98: 0.51984586 | F98: 0.51984586 | G98: =G97 -> TRUE | H98: =H97 -> TRUE | I98: =I97 -> TRUE | J98: =J97 -> TRUE
A99: Question 27 | G99: =SUM(E100:E102)<=1.001 -> TRUE | H99: =SUM(F100:F102)>=0.999 -> TRUE | I99: =IF(COUNTBLANK(E100:F102)=0, TRUE, FALSE) -> TRUE | J99: =AND(G99,H99,I99) -> TRUE
A100: What percentage of consumer PET bottles littered in natural areas was cleaned up and disposed of with mixed waste in the Netherlands in 2024? | B100: MFA | C100: Litter (nature) | D100: Mixed waste collection | E100: 0.47561935 | F100: 0.47561935 | G100: =G99 -> TRUE | H100: =H99 -> TRUE | I100: =I99 -> TRUE | J100: =J99 -> TRUE
...

Sheet list
A1: =TRUE -> TRUE
A2: =FALSE -> FALSE
